developer,Positive,Negative
11 bit studios,20.0,20.0
14° East,1.0,1.0
17-BIT,2.0,0.0
1C Company,1.0,1.0
1C-Avalon,2.0,0.0
1C-SoftClub,2.0,0.0
1C: Maddox Games,7.0,0.0
1C:InoCo,2.0,1.0
24 Caret Games,1.0,0.0
2D BOY,7.0,0.0
2DArray,1.0,0.0
2DEngine.com,1.0,0.0
"2K Australia,Gearbox Software,Aspyr (Mac &amp; Linux)",1.0,0.0
"2K Australia,Gearbox Software,Aspyr (Mac and Linux)",46.0,10.0
"2K Boston,2K Australia",47.0,10.0
"2K Czech,Feral Interactive (Mac)",22.0,4.0
2K Marin,6.0,4.0
"2K Marin,2K China,Digital Extremes,2K Australia,Feral Interactive (Mac)",13.0,2.0
2Play,8.0,1.0
2x2 Games,1.0,0.0
3 Sprockets,6.0,0.0
"343 Industries,Vanguard Games",2.0,0.0
3909,47.0,10.0
3D Realms (Apogee Software),2.0,0.0
3f Interactive,2.0,0.0
4A Games,13.0,2.0
5 Bits Games,3.0,0.0
5th Cell Media,32.0,3.0
773,1.0,0.0
777 Studios,1.0,1.0
800 North and Digital Ranch,23.0,15.0
8888888 LABS,1.0,1.0
88mm,1.0,0.0
8monkey Labs,1.0,0.0
9heads Game Studios,8.0,4.0
@unepic_fran,5.0,1.0
A Jolly Corpse,2.0,0.0
ACE Team,5.0,6.0
ACQUIRE Corp.,5.0,0.0
AGC,1.0,1.0
ALICE IN DISSONANCE,3.0,0.0
AMPLITUDE Studios,28.0,7.0
Abbey Games,12.0,1.0
"Acceleroto, Inc.",1.0,0.0
Acid Nerve,1.0,2.0
Actalogic,1.0,2.0
Adam Foster,4.0,0.0
Afterthought LLC,1.0,0.0
Airtight Games,7.0,3.0
Akakiy Petrushkin,1.0,0.0
"Akella,.dat",1.0,0.0
"AlPixel Games,Luis Diaz,Gustavo Santos,Albert Fernandez,Tice Thomason",3.0,0.0
Alan Edwardes,21.0,3.0
Alan Zucconi,1.0,0.0
Alawar,2.0,0.0
Aleksey Abramenko,1.0,1.0
Alexander Bruce,39.0,3.0
Alice &amp; Smith,1.0,0.0
Alien Sync Interactive,1.0,0.0
Alientrap,4.0,0.0
Almost Human Games,4.0,4.0
Altar Games,1.0,0.0
Alternative Software Ltd,1.0,0.0
Amanita Design,5.0,0.0
Anarchy Enterprises,1.0,0.0
"AndrewMD5,Codeusa",2.0,0.0
Andrii Vintsevych,7.0,5.0
Andy Wallace,1.0,0.0
Anisoptera Games,1.0,2.0
Ankama Studio,7.0,0.0
Anothink,1.0,1.0
"Antanas Marcelionis,Renė Petrulienė",1.0,0.0
Aperture Tag Team,9.0,1.0
Aquiris Game Studio,1.0,0.0
Arachnid Games,2.0,0.0
Aratog LLC,1.0,0.0
Arc System Works,4.0,0.0
"Arcen Games, LLC",5.0,1.0
Archive Entertainment,19.0,7.0
Arkane Studios,75.0,14.0
Arkavi Studios,1.0,0.0
Arkedo,1.0,0.0
Arrowhead Game Studios,57.0,11.0
Artefacts Studio,1.0,0.0
Artery Games,4.0,1.0
Artifex Mundi,1.0,0.0
Artifice Studio,2.0,1.0
Ascaron,1.0,0.0
Ascaron Entertainment ltd.,1.0,1.0
Ascension Entertainment LLC,5.0,0.0
Aspyr,3.0,0.0
Aspyr Studios,3.0,3.0
Atapki,1.0,0.0
Atelier 801,15.0,1.0
AtomicTorch Studio,1.0,0.0
Atypical Games,1.0,0.0
Aurelien Regard,1.0,0.0
"Autobotika,Game Nation Inc",1.0,0.0
Avalanche Studios,199.0,41.0
"Avalanche Studios,Feral Interactive (Mac/Linux)",21.0,5.0
Avidly Wild Games,1.0,0.0
Awesome Games Studio,30.0,5.0
AwesomeBlade,1.0,0.0
Axis Game Factory,3.0,0.0
Axis Game Factory LLC,4.0,0.0
BANDAI NAMCO Studio Inc.,5.0,1.0
BUGBEAR,2.0,0.0
Bacon Wrapped Games,1.0,0.0
"BadFly Interactive, a.s.",2.0,2.0
Badland Studio,3.0,0.0
Baggy Cat Ltd,2.0,0.0
Baller Industries,1.0,0.0
Bankroll Studios,8.0,7.0
"Bat Country Games, LLC",2.0,0.0
"Batterystaple Games,Fire Hose Games",2.0,0.0
BattleGoat Studios,3.0,0.0
Beam Team Games,41.0,15.0
BeamNG,8.0,3.0
Beamdog,3.0,1.0
BeautiFun Games,1.0,0.0
Behold Studios,4.0,1.0
"Ben 'Yahtzee' Croshaw,Collected Worlds",1.0,0.0
Ben Prunty Music,1.0,0.0
Benjamin Bryant,1.0,0.0
Benjamin Rivers Inc.,3.0,1.0
Best Way,2.0,1.0
Bethesda Game Studios,179.0,49.0
Big Ant Studios,7.0,0.0
Big Fat Alien,1.0,1.0
Big Finish Games,1.0,0.0
"Big Huge Games,38 Studios",10.0,3.0
Big Robot Ltd,11.0,4.0
BigAnt Studios,1.0,0.0
Binary Fortress Software,1.0,0.0
"Binary Zoo,The Game Creators",5.0,1.0
BioWare,42.0,3.0
BioWare Corporation,1.0,0.0
"BioWare,Aspyr (Mac)",14.0,5.0
"BitMonster, Inc.",9.0,1.0
Bitbox Ltd.,13.0,3.0
Bithell Games,16.0,4.0
Bizarre Creations,2.0,0.0
Black Element,2.0,0.0
Black Forest Games,1.0,0.0
Black Isle Studios,5.0,1.0
Black Jacket Studios,1.0,0.0
Black Pants Studio,8.0,0.0
Black Sea Studios Ltd,1.0,1.0
Black Shell Games,1.0,1.0
Blackhole,2.0,2.0
Blackpowder Games,1.0,0.0
BlankMediaGames,18.0,8.0
Blender Foundation,3.0,1.0
Blendo Games,6.0,1.0
BlinkWorks Media,4.0,0.0
Blit Software,3.0,1.0
Bloober Team SA,3.0,1.0
Blue Bottle Games,6.0,4.0
Blue Byte,5.0,2.0
Blue Isle Studios,4.0,4.0
Blue Mammoth Games,23.0,2.0
Blue Manchu,2.0,1.0
BlueGiant Interactive,1.0,1.0
BlueLine Games,3.0,1.0
Bluebutton Games,5.0,0.0
Bluehole Ginno Games,1.0,0.0
"Bluehole, Inc.",23.0,3.0
Bob the Game Development Bot,1.0,0.0
Bohemia Interactive,625.0,212.0
Boneloaf,9.0,5.0
"Boolat Games,Alawar Entertainment",1.0,0.0
Born Ready Games,1.0,0.0
Born Ready Games Ltd.,6.0,1.0
Boss Baddie,1.0,1.0
Bossa Studios,60.0,22.0
Brace Yourself Games,8.0,4.0
Brainchild,1.0,0.0
Brawsome,2.0,0.0
Breakfall,4.0,3.0
Brian Cronin,2.0,0.0
Brightrock Games,4.0,1.0
Brilliant Skies Ltd.,6.0,1.0
Broken Rules,1.0,2.0
Brytenwalda,4.0,0.0
Bugbear,20.0,3.0
Bugbear Entertainment,7.0,2.0
BumpkinBrothers,1.0,1.0
BurstRay Games,1.0,0.0
Burut CT,1.0,0.0
Bytebin,1.0,1.0
C3SK,2.0,0.0
"CAPCOM CO., LTD.",1.0,0.0
"CAPCOM Co., Ltd.",8.0,6.0
"CAVE Interactive CO.,LTD.",1.0,0.0
CCCP,2.0,0.0
CCP,7.0,3.0
CD PROJEKT RED,37.0,8.0
"CD PROJEKT RED,Can Explode",1.0,0.0
CI Games,5.0,0.0
"CI Games,Deck 13",5.0,1.0
"CINEMAX, s.r.o.",1.0,2.0
CSR-Studios,6.0,1.0
Cadenza Interactive,1.0,0.0
Camouflaj,1.0,0.0
Camshaft Software,4.0,0.0
Capcom,34.0,13.0
Capcom Game Studio Vancouver,12.0,3.0
Capcom Vancouver,6.0,6.0
Capybara Games,1.0,0.0
"Capybara,Superbrothers,Jim Guthrie",2.0,0.0
Carbon Games,46.0,4.0
Carlsen Games,5.0,0.0
Carmine T. Guida,1.0,0.0
Cat5Games,1.0,0.0
Cauldron,2.0,0.0
Cavedog Entertainment,1.0,0.0
Cellar Door Games,36.0,2.0
Celsius Game Studios,1.0,0.0
"Chad Close,Kyle Weik",1.0,0.0
Cherry Pop Games,5.0,2.0
Childish Things,1.0,0.0
Choice of Games,6.0,1.0
Chris Sawyer Productions,4.0,0.0
Chucklefish,247.0,15.0
Cipher Prime Studios,1.0,1.0
"Circle Five Studios,Pub Games",3.0,3.0
City Interactive,9.0,5.0
Clickteam,3.0,0.0
"Cliffhanger Productions,Catalyst Games Lab",1.0,0.0
Climax Studios,3.0,0.0
ClockStone,2.0,0.0
Cloud 9 Studio,1.0,0.0
CoaguCo Industries,1.0,0.0
Cobra Mobile,2.0,0.0
Cockroach Inc.,1.0,0.0
Code Club AB,1.0,0.0
CodeBrush Games,24.0,7.0
Codemasters,3.0,2.0
Codemasters Action Studio,1.0,0.0
Codemasters Birmingham,1.0,0.0
Codemasters Digital,1.0,0.0
"Codemasters Racing,Feral Interactive (Mac)",15.0,1.0
"Codemasters Racing,Feral Interactive (Mac),Feral Interactive (Linux)",6.0,0.0
Codemasters Studios,3.0,1.0
"Codemasters,Feral Interactive (Linux)",4.0,1.0
Codename Entertainment Inc.,2.0,0.0
Code}{atch,32.0,10.0
Coffee Stain Studios,202.0,46.0
Cold Beam Games,14.0,2.0
Colibri Games,2.0,0.0
Colossal Games,1.0,0.0
Colossal Order Ltd.,46.0,11.0
Compulsion Games,5.0,1.0
Convoy Games,3.0,0.0
Core Design,3.0,1.0
Coredumping,1.0,0.0
"Coreplay GmbH,Bigmoon Studios",1.0,1.0
Cosmic Cow LLC,4.0,2.0
Crackshell,7.0,2.0
Crate Entertainment,5.0,0.0
Crazy Moo Games,2.0,0.0
Crazy Viking Studios,1.0,2.0
Creability,9.0,0.0
Creative Assembly,79.0,25.0
"Creative Assembly,Feral Interactive (Mac),Feral Interactive (Linux)",25.0,10.0
CreativeForge Games,2.0,0.0
"Crescent Moon Games,Cinopt Studios",1.0,0.0
Criterion Games,39.0,6.0
Critical Studio,7.0,1.0
Croteam,15.0,4.0
"Croteam,Alligator Pit",1.0,0.0
Crowbar Collective,11.0,3.0
Crows Crows Crows,10.0,0.0
Cryptic Sea,1.0,0.0
Cryptic Studios,57.0,7.0
Crystal Dynamics,3.0,1.0
"Crystal Dynamics,Feral Interactive (Mac)",1.0,0.0
"Crystal Dynamics,Feral Interactive (Mac),Feral Interactive (Linux)",111.0,9.0
Crystal Shard,2.0,0.0
Crytek,46.0,24.0
Crytek Studios,14.0,1.0
Curve Studios,1.0,1.0
Cyan Worlds,1.0,0.0
Cyanide,1.0,0.0
Cyanide Montreal,1.0,1.0
Cyanide Studio,5.0,0.0
Cyanide Studio - Spiders Studios,1.0,0.0
Cyanide Studios,2.0,4.0
CyberConnect2 Co. Ltd.,18.0,4.0
"CyberConnect2 Co., Ltd.",8.0,1.0
Cyberlore,1.0,0.0
Cybertime System,2.0,0.0
D-Pad Studio,6.0,0.0
DICE,70.0,19.0
DIMPS,20.0,4.0
DL Softworks,4.0,1.0
DONTNOD Entertainment,11.0,0.0
"DONTNOD Entertainment,Feral Interactive (Mac),Feral Interactive (Linux)",89.0,17.0
DR Studios,4.0,3.0
Daedalic Entertainment,8.0,2.0
"Damian Sommer,Emily Carroll",2.0,0.0
"Dan  Walters,Ceri Williams",2.0,1.0
Dan Fornace,2.0,1.0
Dan Walters,1.0,0.0
Dancing Dragon Games,2.0,0.0
Daniel Davies,2.0,0.0
Daniel Jonathan Bourke,3.0,1.0
Dark Day Interactive,2.0,0.0
Dark Energy Digital Ltd.,2.0,2.0
DarkElite,2.0,0.0
Darklight Games,1.0,0.0
Data Realms,6.0,3.0
David OReilly,22.0,2.0
David Stark,1.0,0.0
David Szymanski,4.0,1.0
David Williamson,1.0,0.0
Day 1 Studios,5.0,5.0
Daybreak Game Company,297.0,32.0
Days of Wonder,1.0,0.0
DeXP,1.0,0.0
Dead Shark Triplepunch,4.0,1.0
Decent Machine,1.0,1.0
Deck13,1.0,0.0
Deck13 Hamburg,2.0,0.0
Deconstructeam,1.0,1.0
Deep Red Limited,1.0,1.0
Deep Silver Volition,130.0,19.0
"Deep Silver Volition,High Voltage Software",9.0,5.0
Defence Alliance Team,3.0,0.0
Defiant Development,7.0,0.0
"Dejobaan Games, LLC",6.0,0.0
Dekovir Entertainment,2.0,1.0
Demiurge Studios,6.0,0.0
Dennaton Games,80.0,34.0
Devil's Details,9.0,2.0
Dharker Studio,2.0,0.0
DiezelPower,4.0,1.0
Digerati Distribution,4.0,2.0
DiggerWorld Ltd.,2.0,0.0
Digital Arrow,1.0,0.0
Digital Confectioners,32.0,5.0
Digital Dawn Studios,1.0,0.0
Digital Extremes,358.0,44.0
Digital Happiness,1.0,0.0
Digital Melody,3.0,0.0
Digital Tentacle,1.0,0.0
Digitalmindsoft,15.0,7.0
Diminished Studios,1.0,0.0
Dimmdrive Inc.,1.0,0.0
Dingaling,2.0,0.0
Dingo Games,2.0,0.0
Dinosaur Polo Club,11.0,0.0
Dischan Media,4.0,0.0
Disney Interactive,1.0,0.0
DnS Development,1.0,1.0
Doctor Entertainment AB,18.0,5.0
Dodge Roll,1.0,1.0
DolphinBarn,1.0,0.0
DotEmu,4.0,0.0
Double Action Factory,24.0,6.0
"Double Eleven,Q-Games Ltd.",1.0,0.0
Double Fine Productions,51.0,6.0
Double Helix Games,1.0,0.0
"Double Helix Games,Rainbow Studios,THQ Nordic",8.0,0.0
DoubleBear Productions,2.0,1.0
DoubleDutch Games,50.0,8.0
Doublesix Games,1.0,0.0
Dovetail Games,20.0,4.0
Dragonfly,23.0,2.0
Dreadbit,1.0,0.0
Dreampainters,1.0,0.0
DrinkBox Studios,10.0,0.0
Drixy Games,1.0,0.0
Dry Cactus,2.0,0.0
Duelboot,1.0,0.0
Dylan Fitterer,40.0,4.0
EA - Maxis,2.0,1.0
"EA - Maxis,Aspyr (Mac)",3.0,1.0
EA Los Angeles,19.0,2.0
EA Redwood Shores,8.0,3.0
ES Team,1.0,0.0
EVGA,1.0,0.0
EXE-CREATE,1.0,0.0
Eagle Dynamics SA,1.0,0.0
EasyAntiCheat Ltd,2.0,0.0
EasyGameStation,10.0,1.0
Eat Create Sleep,2.0,2.0
Ed Key and David Kanaga,6.0,0.0
Edelweiss,1.0,2.0
Eden Industries,4.0,0.0
Eden Studios,5.0,0.0
Edge Case Games Ltd.,14.0,2.0
Edge of Reality,224.0,49.0
Edmund McMillen and Florian Himsl,122.0,31.0
"Edmund McMillen, Florian Himsl",3.0,0.0
"Edmund McMillen,James Id",1.0,0.0
"Edmund McMillen,Tyler Glaiel",1.0,0.0
Eforb,3.0,0.0
Egamea Game Studios,1.0,0.0
Eggcode,1.0,0.0
Egosoft,10.0,5.0
"Eidos Montreal,Feral Interactive (Mac)",19.0,3.0
Eidos Studio Hungary,1.0,0.0
"Eidos-Montréal,Feral Interactive (Mac)",10.0,7.0
EightyEightGames,3.0,0.0
Eko Software,24.0,0.0
Ekuator Games,1.0,0.0
Elder Games,1.0,0.0
Elecorn,8.0,1.0
Electronic Arts,7.0,1.0
Eleon Game Studios,3.0,1.0
"Elias Viglione,Jussi Kukkonen",11.0,1.0
Elijah Newman-Gomez,11.0,2.0
Elite Games Team,1.0,0.0
Elixir Studios,2.0,1.0
Elliptic Games,2.0,0.0
Emmanuel Salva Cruz,2.0,0.0
Empires,2.0,0.0
Empty Clip Studios,1.0,0.0
Endgame Studios,1.0,0.0
Endless Loop Studios,1.0,1.0
Endnight Games Ltd,113.0,26.0
Ensemble Studios,20.0,3.0
Entrada Interactive LLC,3.0,1.0
"Epic Games, Inc.",7.0,2.0
Epiphany Games,1.0,0.0
"Eric Chahi,DotEmu",1.0,0.0
"Eric Hartman,Ben Garney,Anthony Rotondo",8.0,3.0
Erik Asmussen,9.0,0.0
"Erik Svedäng,El Huervo / Niklas Åkerblad,Tobias Sjögren,Oscar ""Ratvader"" Rydelius,Johannes Gotlén",1.0,0.0
Eugen Systems,25.0,6.0
Eurocom,1.0,0.0
Everything Unlimited Ltd.,22.0,6.0
Evil Twin Artworks,1.0,1.0
ExDream GmbH,2.0,0.0
Exato Game Studios,1.0,0.0
Exato Games Studio,4.0,1.0
Excalibur,1.0,0.0
Exe Games Inc.,7.0,3.0
"Expansive Worlds,Avalanche Studios",44.0,23.0
Extend Studio,2.0,0.0
Eyebrow Interactive,2.0,0.0
Eyedentity Games Inc.,17.0,0.0
Eyemobi Ltd.,1.0,0.0
Eyzi,7.0,4.0
"FIX Korea, Co.LTD,FIX Games, Co. LTD",59.0,25.0
FOAM Entertainment,1.0,0.0
Fabio Ferrara,4.0,3.0
"Fabio Ferrara,Davide Caio,Nicolò Azzolini,Antonio Carcagnì,Luigi Di Guida,Tommaso Vita",24.0,10.0
Facepunch Studios,1427.0,265.0
Failbetter Games,4.0,1.0
"Fancy Bytes, Reactor",1.0,0.0
FarSight Studios,2.0,0.0
Farsky Interactive,7.0,0.0
Fatshark,16.0,2.0
Fayju,1.0,0.0
Fermenter Games,1.0,0.0
Fictiorama Studios,1.0,0.0
"Filip Victor,Valve",2.0,0.0
Final Boss Entertainment,1.0,0.0
Final Form Games,3.0,0.0
"Finji,Kittehface Software",1.0,0.0
Firaxis Games,11.0,4.0
"Firaxis Games,Aspyr (Mac, Linux)",256.0,35.0
"Firaxis Games,Feral Interactive (Mac)",1.0,0.0
"Firaxis Games,Feral Interactive (Mac),Feral Interactive (Linux)",68.0,18.0
FireFly Studios,22.0,11.0
Firebase Industries Ltd.,1.0,0.0
Firemint,1.0,0.0
Fishcow Studio,1.0,0.0
Fishing Planet LLC,7.0,3.0
Fistful of Frags Team,63.0,8.0
Fixpoint Productions Ltd.,2.0,0.0
"Flashback Games,The Lordz Games Studio",1.0,0.0
Flying Cafe for Semianimals,1.0,0.0
Flying Wild Hog,24.0,8.0
Flyleap Studios Pty. Ltd.,5.0,0.0
Focus Home Interactive,2.0,1.0
Forbes Consult Ltd,1.0,0.0
Forever Entertainment S. A.,2.0,1.0
Four Quarters,1.0,1.0
FreakZone Games,4.0,0.0
Freakinware Studios,7.0,1.0
Fred Wood,3.0,0.0
Free Lives,63.0,10.0
Free Reign Entertainment,10.0,3.0
Freebird Games,40.0,10.0
Freejam,179.0,40.0
Frictional Games,27.0,15.0
Frima Studio,1.0,0.0
Frogames,4.0,0.0
Frogdice,1.0,1.0
Frogwares,6.0,1.0
FromSoftware,63.0,49.0
"FromSoftware, Inc",48.0,27.0
"Frontier,Aspyr (Mac)",5.0,1.0
Frontwing,2.0,0.0
Frozenbyte,32.0,2.0
Full Control,2.0,0.0
Full Control Studios,5.0,0.0
Fullbright,32.0,4.0
Funcom,6.0,2.0
"Funselektor Labs Inc.,FlippFly",4.0,0.0
Furiously Inactive Games,1.0,0.0
Futuremark,3.0,0.0
"GAME ARTS Co., Ltd.,SkyBox Labs",1.0,0.0
GDT Limited,1.0,0.0
GSC Game World,16.0,2.0
GTGD,1.0,0.0
GabberGames.com,1.0,0.0
Gaijin Entertainment,3.0,1.0
Gaijin Entertainment Corporation,4.0,0.0
Gaijin Games,24.0,6.0
Galactic Cafe,68.0,9.0
GalaxyTrail,9.0,0.0
Gambrinous,1.0,0.0
Game Dev Castle,3.0,0.0
Game Distillery s.r.o.,1.0,0.0
Game Mechanics,1.0,2.0
Game in a Bottle,1.0,0.0
Game-Labs,2.0,0.0
GameArt Studio GmbH,2.0,0.0
"GameConnect,InterWave Studios",3.0,2.0
GameORE,3.0,1.0
GamePrix,3.0,1.0
GameUS Inc.,2.0,0.0
Gameguyz,2.0,0.0
Gamepires,3.0,0.0
"Games by Robert, LLC",1.0,0.0
Gaming Minds,1.0,0.0
Ganz,3.0,2.0
Gas Powered Games,26.0,4.0
"Gaslamp Games, Inc.",4.0,3.0
Gatling Goat Studios,1.0,0.0
Gearbox Software,46.0,6.0
"Gearbox Software,Aspyr (Mac &amp; Linux)",376.0,54.0
"Gearbox Software,Aspyr (Mac)",4.0,1.0
Geek Sloth Games,1.0,0.0
General Arcade,1.0,0.0
Geoff Keighley,2.0,0.0
GhostShark,7.0,2.0
Giant Army,5.0,1.0
Giants Software,19.0,2.0
Gl33k,2.0,0.0
Glass Knuckle Games,2.0,0.0
Going Loud Studios,20.0,1.0
Goldhawk Interactive,2.0,0.0
GolemLabs,1.0,0.0
Gone North Games,3.0,0.0
Good Games,1.0,0.0
Gravity Interactive,2.0,2.0
"Gravity, Inc.",4.0,2.0
"Gravvit Ltd,Forbes  Consult Ltd",1.0,0.0
Gray Matter Studios,2.0,1.0
Great War Team,4.0,0.0
Greenheart Games,68.0,4.0
Gremlin Interactive,1.0,0.0
Grey Alien Games,1.0,0.0
Grey Havens,91.0,10.0
Grip Games,2.0,2.0
"Gromada,Buka Entertainment",1.0,0.0
Grynsoft,3.0,0.0
HE SAW,1.0,0.0
Haemimont Games,36.0,3.0
Halfbus,2.0,1.0
Halycon Media GmbH &amp; Co. KG,1.0,0.0
Hammer Labs,1.0,0.0
Hammerfall Publishing,3.0,1.0
Hanako Games,7.0,6.0
Handyman Studios,8.0,1.0
Hardsuit Labs,99.0,13.0
Harebrained Schemes,9.0,0.0
Harvester Games,2.0,0.0
"Hassey Enterprises, Inc.",3.0,1.0
HeR Interactive,1.0,0.0
Headup Games / Radon Labs,1.0,0.0
Heartbit Interactive,1.0,0.0
Hellbent Games,1.0,0.0
Hello There AB,5.0,1.0
Hemisphere Games,1.0,0.0
Hesketh Studios,5.0,0.0
Hexage,1.0,0.0
Heydeck Games,2.0,0.0
Hi-Rez Studios,59.0,9.0
Hidden Path Entertainment,8.0,1.0
Hinterland Studio Inc.,20.0,4.0
Hippomancer,1.0,0.0
Hitbox Team,4.0,1.0
Hitcents,3.0,1.0
Holotech Studios,8.0,0.0
Holy Priest,11.0,1.0
Hoobalugalar_X,10.0,5.0
"Hopoo Games, LLC",72.0,14.0
Hosted Games,3.0,0.0
Hothead Games,2.0,2.0
House of Tales,1.0,0.0
Housemarque,1.0,0.0
Humble Hearts LLC,33.0,2.0
Humongous Entertainment,7.0,2.0
HuniePot,27.0,3.0
Hunted Cow Studios,6.0,0.0
Hydravision Entertainment,1.0,1.0
Hyper Hippo Games,64.0,10.0
HyperSloth,3.0,3.0
Hörberg Productions,2.0,0.0
I Fight Bears,2.0,0.0
ICE Entertainment,4.0,0.0
"IDEA FACTORY Co., Ltd.,COMPILE HEART Co., Ltd.,FELISTELLA Co., Ltd.",19.0,2.0
IDHAS Studios,1.0,0.0
IO Entertainment,1.0,1.0
IO Interactive,4.0,2.0
Ian Campbell,6.0,3.0
Ice Water Games,7.0,2.0
Ice-Pick Lodge,3.0,1.0
Icetesy SPRL,7.0,0.0
Idea Factory,5.0,0.0
"Idea Factory,Compile Heart,Felistella",3.0,0.0
"Idea Factory,Design Factory",1.0,0.0
Idigicon,2.0,1.0
Idol FX,1.0,0.0
Igry.ru,1.0,0.0
"Iguana Entertainment,Nightdive Studios",1.0,0.0
IllFonic,1.0,0.0
Illwinter Game Design,1.0,0.0
Image &amp; Form,2.0,0.0
Incandescent Games,1.0,0.0
Infinite Interactive,3.0,0.0
Infinite Monkeys Entertainment Ltd.,1.0,0.0
Infinity Plus 2,2.0,0.0
Infinity Ward,50.0,31.0
"Infinity Ward,Aspyr (Mac)",59.0,11.0
Ino-Co,1.0,0.0
Ino-Co Plus,2.0,0.0
Instant Kingdom,1.0,0.0
Insurgency Development Team,1.0,1.0
InterAction studios,1.0,0.0
Interceptor Entertainment,6.0,0.0
Interdimensional Games Inc,1.0,0.0
Interplay Inc.,4.0,3.0
Introversion Software,75.0,24.0
Invent4 Entertainment,41.0,25.0
InvertMouse,10.0,4.0
Io-Interactive A/S,7.0,5.0
"Io-Interactive A/S,Feral Interactive (Mac)",47.0,8.0
Ion Storm,10.0,4.0
IonFX,1.0,0.0
IonFx,1.0,0.0
Iridium Studios,6.0,0.0
"Iron Galaxy Studios, LLC",3.0,0.0
Iron Tower Studio,1.0,0.0
"Ironclad Games,Stardock Entertainment",19.0,2.0
Ironhide Game Studio,12.0,0.0
Ironsun Studios,1.0,0.0
Irrational Games,1.0,0.0
"Irrational Games,Aspyr (Mac),Virtual Programming (Linux)",181.0,20.0
"Irrational Games,Looking Glass Studios",2.0,3.0
Italic Pig,1.0,0.0
Ivory Tower in collaboration with Ubisoft Reflections,8.0,0.0
JForce Games,11.0,4.0
JIW-Games,1.0,1.0
"Jackbox Games, Inc.",5.0,0.0
Jagex Limited,78.0,18.0
"Jagex,Artplant",20.0,10.0
Jason Oda,1.0,0.0
Jason Rohrer,1.0,0.0
Jasper Byrne,1.0,1.0
"Jetdogs Studios,Zoom Out Games",2.0,1.0
Johannes Eski,3.0,0.0
John Cullen,1.0,0.0
Joshua Neurnberger,1.0,0.0
Joycity,5.0,2.0
Jujubee S.A.,1.0,0.0
JumpCore Productions,1.0,0.0
"JumpStart Games, Inc.",3.0,3.0
"Jundroo, LLC",3.0,1.0
"Jurlo,JetPackGone",1.0,0.0
"Just Add Water (Developments), Ltd.",1.0,2.0
KADOKAWA,6.0,1.0
KADOKAWA GAMES / GRASSHOPPER MANUFACTURE,3.0,0.0
"KADOKAWA,Yoji Ojima",2.0,0.0
KING Art,1.0,0.0
"KOEI TECMO GAMES CO., LTD.",7.0,7.0
KOG,17.0,3.0
"Kaos Studios,Digital Extremes",4.0,0.0
Katauri,6.0,1.0
Katauri Interactive,1.0,0.0
Keen Games,2.0,0.0
Keen Software House,9.0,3.0
Kerberos Productions,1.0,0.0
Kerberos Productions Inc.,4.0,0.0
Key17 Games,1.0,0.0
KillHouse Games,7.0,2.0
Kinelco &amp; Lone Elk Creative,3.0,0.0
KintoGames,2.0,1.0
Klei Entertainment,94.0,22.0
"Klei Entertainment,Capybara Games",4.0,0.0
Kloonigames,1.0,0.0
Knuckle Cracker,2.0,1.0
"Koboldgames,Daedalic Entertainment",1.0,0.0
Koga Tech Limited,1.0,0.0
Kojima Productions,15.0,1.0
Konami Digital Entertainment,31.0,5.0
Konsordo,2.0,1.0
Konstantin Koshutin,2.0,1.0
Krillbite Studio,50.0,6.0
Krome Studios,1.0,0.0
Kronosaur Productions,1.0,0.0
Kudosoft,3.0,0.0
Kukouri,2.0,1.0
Kyle Seeley,79.0,28.0
Kylotonn Entertainment,1.0,0.0
LDC Studios,1.0,0.0
LGK Games,1.0,0.0
LUCKY GIRLS LIMITED,1.0,0.0
Lab Zero Games,36.0,12.0
Labyrinthine,1.0,0.0
Lag Studios,9.0,4.0
"Lamina Studios,Mike Studios",1.0,0.0
Laminar Research,3.0,0.0
Landfall,3.0,0.0
Landon Podbielski,7.0,2.0
Larian Studios,13.0,3.0
"Laser Guided Games, LLC",1.0,0.0
Last Day of Work,1.0,0.0
Last Dimension,1.0,0.0
Last Limb LLC,1.0,0.0
Lavaboots Studios,4.0,0.0
Lazy 8 Studios,2.0,0.0
Lazy Bum Games,1.0,0.0
Lazy Monday Games,2.0,0.0
League of Geeks,3.0,0.0
Legend Studio,1.0,0.0
Lesley Dodd,1.0,0.0
"Level Up Labs, LLC",2.0,0.0
Lightbulb Crew,1.0,0.0
Lighthouse Games Studio,1.0,0.0
Lightmare Studios,4.0,1.0
Limasse Five,1.0,0.0
Limbic Entertainment,1.0,2.0
Lino Slahuschek,10.0,0.0
"Lion Game Lion,OVERKILL - a Starbreeze Studio.",5.0,1.0
Lion's Shade,3.0,0.0
Lionhead Studios,15.0,2.0
Lionheart Creations,1.0,0.0
Little Green Men Games,4.0,1.0
Locomotivah,2.0,0.0
Lonely Troops,2.0,0.0
Looking Glass Studios,5.0,0.0
Lord Kres,2.0,3.0
Loren Lemcke,1.0,0.0
Lost Decade Games,1.0,0.0
Love Conquers All Games,5.0,1.0
LuGus Studios,3.0,1.0
LucasArts,18.0,2.0
"LucasArts,Aspyr Studios",2.0,4.0
"Lucid Games,Aspyr (Mac &amp; Linux)",3.0,0.0
Ludosity,1.0,1.0
Lukewarm Media,19.0,4.0
Lunar Giant,1.0,0.0
"M2 Co.,LTD",1.0,2.0
"M2H,Blackmill Games",49.0,14.0
MAGIX Software GmbH,1.0,0.0
MEGAFUZZ,2.0,0.0
MOONSTONE,1.0,0.0
MR-Software GbR,6.0,0.0
MURA Interactive,2.0,1.0
Machine Games,28.0,5.0
MachineGames,4.0,0.0
MachineSpirit,1.0,0.0
"Maciej Targoni,Wojciech Wasiak",6.0,1.0
Mad Otter Games,5.0,2.0
Madruga Works,1.0,1.0
MagicalTimeBean,1.0,0.0
Malfador Machinations,2.0,0.0
Mana Games,1.0,0.0
Manic Game Studios,1.0,1.0
"Mario von Rickenbach,Michael Frei",5.0,1.0
Martin Ivanov,1.0,0.0
Marxnet,2.0,0.0
"Masangsoft, Inc.",26.0,6.0
Masthead Studios Ltd,2.0,4.0
Matt Roszak,6.0,1.0
Matt Thorson,1.0,0.0
Matthew Brown,7.0,2.0
Maxis™,25.0,1.0
Mechanist Games,3.0,1.0
"Mediatonic,Hato Moa,The Irregular Corporation",6.0,3.0
"Mediatonic,The Irregular Corporation",1.0,0.0
Megadev,4.0,2.0
Memetic Games,2.0,0.0
MercurySteam,2.0,1.0
MercurySteam - Climax Studios,1.0,0.0
Meridian4,3.0,1.0
Messhof,16.0,3.0
Meteoric Games,1.0,0.0
Michael Todd Games,13.0,3.0
"Michael Todd Games,Yazar Media Group LLC",1.0,0.0
Michael Zahniser,5.0,1.0
Michaela Laws,4.0,0.0
"MicroProse Software, Inc",3.0,3.0
Microblast Games,12.0,5.0
Microsoft Game Studios,5.0,2.0
"Midgar Studio,Fusty Game",2.0,0.0
Might and Delight,9.0,4.0
Mighty Rabbit Studios,3.0,0.0
"Mighty Rabbit Studios,Gun Media",1.0,0.0
"Mighty Rabbit Studios,Gun.",3.0,0.0
Mighty Rocket Studio,1.0,0.0
"Milan Kazarka,Jeroen van Oosten",3.0,0.0
Milestone S.r.l.,5.0,0.0
Milkstone Studios,8.0,1.0
Mimimi Productions,2.0,0.0
MinMax Games Ltd.,4.0,1.0
Mindstorm Studios,1.0,0.0
"Mine Loader Software Co., Ltd.",14.0,2.0
MiniBoss,4.0,1.0
Minor Key Games,17.0,3.0
Minority Media Inc.,2.0,0.0
Mint Age Studios,6.0,0.0
Mirillis,2.0,0.0
Mirko Seithe,1.0,0.0
Misfits Attic,2.0,0.0
"Mithis Games,THQ Nordic",1.0,0.0
Mixamo,1.0,0.0
MobileBits,1.0,0.0
Mode 7,10.0,0.0
Modern Dream,5.0,1.0
MoeNovel,3.0,0.0
Mohawk Games,3.0,0.0
Mommy's Best Games,2.0,0.0
"Monochrome, Inc",28.0,11.0
"Monolith Productions, Inc.",50.0,4.0
"Monolith Productions, Inc.,Feral Interactive (Mac),Feral Interactive (Linux)",3.0,1.0
"Monolith Productions, Inc.,Timegate",2.0,4.0
"Monolith Productions,Feral Interactive (Mac),Feral Interactive (Linux)",68.0,14.0
Moon Studios GmbH,25.0,1.0
Moonlite Software,1.0,0.0
Moppin,3.0,0.0
Most Wanted Entertainment,1.0,0.0
Mouldy Toof Studios,33.0,5.0
Mountain Sheep,1.0,0.0
MovingBlocks,1.0,1.0
Mr. Blue,4.0,0.0
MuHa Games,1.0,0.0
Murudai,6.0,0.0
Muse Games,58.0,12.0
Muzzy Lane Software,1.0,0.0
Myrtilus Entertainment,1.0,0.0
N3V Games,3.0,0.0
NAMCO,3.0,0.0
NEXON Korea Corp.,3.0,6.0
NGD Studios,2.0,2.0
NIGORO,1.0,1.0
NIKITA ONLINE,2.0,0.0
Nabi Studios,48.0,15.0
Nadeo,21.0,6.0
Nate Schmold,1.0,0.0
Ndemic Creations,22.0,10.0
Necrophone Games,18.0,3.0
Neko Entertainment,1.0,0.0
Nemesys Games,1.0,1.0
NeoCoreGames,1.0,1.0
NeocoreGames,2.0,1.0
Nerd Kingdom Inc.,1.0,0.0
Net Games Laboratory,2.0,1.0
Netcore Games,3.0,1.0
"NetherRealm Studios,High Voltage Software",36.0,13.0
Never Don't Play,1.0,0.0
New World Interactive,117.0,30.0
Nexon,53.0,30.0
"Nicalis, Inc.",80.0,29.0
"Nicalis, Inc.,Edmund McMillen",13.0,4.0
Night Node,6.0,0.0
Nihon Falcom,3.0,0.0
Nikita,1.0,0.0
Nimbly Games,5.0,0.0
"Nina Freeman,Emmett Butler,Decky Coss,Joni Kittaka",4.0,3.0
"Nina Freeman,Laura Knetzger,Stephen Lawrence Clark",1.0,1.0
Nine Dots Studio,1.0,0.0
Ninja Kiwi,6.0,0.0
Ninja Theory,16.0,3.0
Nival,3.0,3.0
No More Room in Hell Team,153.0,42.0
Noble Empire Corp.,22.0,4.0
"Noio,Licorice",2.0,2.0
Nom Nom Games,4.0,0.0
Nomad Games,12.0,2.0
North of Earth,3.0,0.0
"Northway Games,Sarah Northway",1.0,0.0
NotGames,8.0,3.0
"Nova Dimension,Naga Entertainment",1.0,1.0
NovaLogic,1.0,0.0
Numantian Games,1.0,0.0
Number None,5.0,1.0
Nyamyam,1.0,0.0
OCCA Studios,1.0,0.0
"OCR Dev Team,Onur Uça",2.0,0.0
OVERDRIVE,12.0,1.0
OVERKILL - a Starbreeze Studio.,28.0,9.0
OVERKILL Software,77.0,19.0
Obsidian Entertainment,176.0,30.0
"Obsidian Entertainment,Aspyr (Mac, Linux, &amp; Windows Update)",9.0,2.0
Octoshark Studios,6.0,2.0
Oddworld Inhabitants,22.0,1.0
Odin Game Studio,8.0,0.0
Offworld Industries,7.0,1.0
Old School Games,4.0,3.0
"Olde Sküül,Sculptured Software",1.0,0.0
"Olli Harjola, Otto Hantula, Tom Jubert, Carlo Castellano",7.0,0.0
Omniconnection,2.0,0.0
On The Level Game Studios,1.0,0.0
Onson Soft,1.0,0.0
Oovee® Game Studios,25.0,7.0
Opus,7.0,0.0
Orange_Juice,5.0,4.0
Organic Humans,1.0,1.0
Orlyapps,4.0,0.0
Ostrich Banditos,4.0,1.0
Osumia Games,4.0,4.0
Other Ocean Interactive,1.0,0.0
Outerlight Ltd.,15.0,8.0
Outerminds Inc.,1.0,0.0
Over The Moon,6.0,1.0
Over the Top Games,2.0,1.0
Owlchemy Labs,2.0,0.0
Oxide Games,1.0,0.0
PIXYUL,1.0,0.0
Pandemic Studios,60.0,13.0
Panzer Gaming Studios,1.0,0.0
Paradox Development Studio,80.0,22.0
Passtech Games,1.0,0.0
Pathea Games,6.0,0.0
Paul Fisch,10.0,1.0
Payload Studios,4.0,2.0
PestoForce,1.0,0.0
Peter Moorhead,1.0,0.0
Petit Depotto,1.0,0.0
Petroglyph,6.0,1.0
Phenomenon Games,2.0,0.0
Phigames,2.0,0.0
Phosphor Games Studio,47.0,15.0
Photon Arena,1.0,0.0
Phr00t's Software,3.0,2.0
PiGravity,2.0,2.0
Pieces Interactive,2.0,0.0
"Pinokl Games,Kverta",1.0,1.0
Piranha Bytes,3.0,1.0
Piranha Games Inc.,2.0,0.0
Pivotal Games,1.0,0.0
"Pixel Dash Studios, EQgames",8.0,0.0
Pixel Ferrets,1.0,0.0
PixelFade Inc,1.0,0.0
PlatinumGames,20.0,6.0
Playdead,15.0,3.0
Playsaurus,38.0,13.0
Pocketwatch Games,32.0,1.0
"PolarityFlow,Adrian Zingg",1.0,0.0
PolyKid,1.0,0.0
Polytron Corporation,26.0,2.0
"PopCap Games, Inc.",14.0,7.0
Poppermost Productions,14.0,1.0
Portalarium,1.0,0.0
Positech Games,20.0,1.0
PostMod Softworks,2.0,0.0
Power of 2,16.0,4.0
Powerhoof,4.0,0.0
Press Play,1.0,0.0
Pribuni,1.0,0.0
Primal,1.0,0.0
Priority Interrupt,5.0,0.0
Prism Game Studios Ltd.,12.0,3.0
Proton Studio Inc,9.0,2.0
Proxy Studios,1.0,0.0
Psychic Software,2.0,2.0
"Psyonix, Inc.",94.0,21.0
Puny Human,11.0,3.0
Puppygames,7.0,1.0
Pwnee Studios,1.0,0.0
Pyro Studios,3.0,2.0
QCF Design,1.0,0.0
QUICKTEQUILA,3.0,1.0
"QUICKTEQUILA,Calum Bowen",1.0,0.0
Qooc Software,1.0,1.0
Quantized Bit,1.0,0.0
Quantumfrog,1.0,0.0
Question,2.0,0.0
Quickfire Games,2.0,0.0
Qwiboo Ltd,1.0,0.0
REMIMORY,3.0,0.0
Racing Bros,4.0,1.0
"Radial Games Corp,Dejobaan Games, LLC",5.0,0.0
"Radial Games Corp,Loren Bednar,Dr. Kimberly Voll,Lindsay Jorgensen",2.0,1.0
Radiant Entertainment,5.0,0.0
Radical Entertainment,9.0,3.0
Radical Fish Games,1.0,0.0
RageSquid,1.0,0.0
Ragequit Corporation,9.0,4.0
Ragiva Games e.K.,1.0,0.0
Rail Slave Games,4.0,3.0
Rainbow Games,1.0,0.0
"Rainbow Studios,THQ Nordic",1.0,0.0
Rake in Grass,2.0,1.0
Raptor Claw Games,1.0,0.0
Ratloop Asia,1.0,2.0
"Raven Software,Aspyr (Mac)",9.0,5.0
Razorworks,2.0,0.0
Re-Logic,506.0,58.0
Reactor Zero,1.0,0.0
Reakktor Studios,6.0,1.0
Real Dynamics,1.0,0.0
Reality Pump,3.0,1.0
Reality Pump Studios,5.0,2.0
Realmforge Studios,2.0,0.0
Rebellion,91.0,20.0
Recoil Games,4.0,1.0
Red Barrels,36.0,26.0
Red Duck Inc.,3.0,4.0
Red Dwarf Games,2.0,1.0
Red Hook Studios,10.0,11.0
Red Storm Entertainment,2.0,0.0
"Red Storm Entertainment,Ubisoft Montreal",1.0,0.0
Red Team Games,1.0,0.0
Red Thread Games,2.0,0.0
"RedLynx, in collaboration with  Ubisoft Shanghai, Ubisoft Kiev",4.0,0.0
Redlynx,1.0,0.0
"Redlynx Ltd,Ubisoft  Shanghaï",7.0,1.0
Redshift,1.0,0.0
Redwood Games,1.0,0.0
Reiza Studios,3.0,1.0
Relic,7.0,1.0
Relic Entertainment,39.0,5.0
"Relic Entertainment,Feral Interactive (Mac),Feral Interactive (Linux)",51.0,8.0
"Relic Entertainment,Feral Interactive (Mac/Linux)",12.0,1.0
"Relic Entertainment,THQ Nordic",1.0,0.0
Reloaded Productions,82.0,22.0
Remedy Entertainment,23.0,7.0
Renegade Kid,1.0,0.0
Replay Studios,1.0,0.0
Reto-Moto,127.0,39.0
Retro Army Limited,1.0,0.0
Retro Yeti Games,3.0,1.0
Reverie World Studios,9.0,1.0
Revolution Software Ltd,2.0,0.0
Rhaon Entertainment,1.0,0.0
Rising Star Games,1.0,1.0
Rising Sun Interactive,1.0,0.0
Rival Games Ltd,1.0,0.0
Rob Howland,3.0,0.0
RobTop Games,33.0,9.0
Robot Entertainment,32.0,4.0
Robot Gentleman,1.0,2.0
Robotronic Games,5.0,1.0
Rocket Bear Games,2.0,1.0
"Rocketeer Games Studio, LLC",11.0,1.0
Rockstar Games,32.0,5.0
Rockstar New England,15.0,5.0
Rockstar North,145.0,46.0
Rockstar North / Toronto,6.0,2.0
Rockstar Studios,26.0,4.0
Rocksteady Studios,33.0,13.0
"Rocksteady Studios,Feral Interactive (Mac)",68.0,10.0
Rogue Factor,1.0,0.0
Rogue Snail,4.0,0.0
Roll7,2.0,2.0
"Roll7,General Arcade",2.0,1.0
Ronimo Games,115.0,13.0
Rooster Teeth Games,12.0,1.0
Rovio Entertainment Ltd,1.0,1.0
Rubycone,1.0,1.0
"Rudolf Kremers &amp; Alex May,Tuna",1.0,0.0
Rune Forge,1.0,0.0
Runic Games,66.0,6.0
Running With Scissors,36.0,24.0
S.C. 16 BIT NIGHTS S.R.L.,4.0,0.0
S2 Games,6.0,2.0
SCS Software,76.0,9.0
SDEnterNet,1.0,0.0
SEGA,23.0,6.0
"SEGA Studios Australia,Feral Interactive (Mac)",1.0,0.0
SFB Games,2.0,0.0
SMG Studio,3.0,0.0
SNK CORPORATION,3.0,2.0
"SNK CORPORATION,DotEmu",8.0,5.0
STRIKEWORKS,2.0,0.0
STUDIO RADI-8,2.0,2.0
Saber Interactive,3.0,0.0
"Sachonski,Renamilanesi,Sith",1.0,1.0
Sakari Indie,1.0,0.0
Sakari Indie &amp; GriN,1.0,0.0
Sakura River Interactive,3.0,0.0
Samurai Punk,5.0,1.0
Sandlot Games,1.0,0.0
Sandswept Studios,1.0,1.0
Santa Ragione,1.0,0.0
Sapphire Dragon Productions,1.0,1.0
Sauropod Studio,6.0,1.0
"Schine, GmbH",4.0,2.0
Scott Cawthon,102.0,63.0
Sebastian Nigro,1.0,0.0
Secret Exit Ltd.,19.0,4.0
Section Studios,13.0,3.0
Sector3 Studios,13.0,5.0
Semaphore,3.0,1.0
Senscape,5.0,0.0
Serenity Forge,1.0,0.0
Serious Brew,1.0,0.0
Sherman3D,1.0,0.0
Shield Break Studios,1.0,0.0
Shifty Chair Games,1.0,0.0
Shining Gate Software,1.0,0.0
Shining Rock Software LLC,39.0,10.0
Shiny Entertainment,1.0,0.0
Shiro Games,8.0,2.0
Shiver Games,3.0,3.0
Shortbreak Studios s.c.,4.0,1.0
Shumkov Dmitriy,31.0,11.0
Sigma Team Inc.,1.0,0.0
Signal Studios,1.0,0.0
"Signal Studios,Krome Studios",1.0,0.0
"Signal Studios,Smart Ghost",9.0,1.0
Silver Dollar Games,30.0,2.0
SimBin,3.0,0.0
Simogo,4.0,2.0
Sixteen Tons Entertainment,3.0,0.0
Skobbejak Games,1.0,1.0
Sky Drake Studios,1.0,0.0
"SkyBox Labs,Big Huge Games",12.0,2.0
"Skybox Labs,Hidden Path Entertainment,Ensemble Studios",54.0,8.0
Slant Six Games,1.0,3.0
"Sledgehammer Games,Raven Software",39.0,18.0
Slightly Mad Studios,4.0,1.0
Smack Down Productions,1.0,0.0
Smartly Dressed Games,566.0,100.0
SmashGames,33.0,3.0
Smoking WOLF,4.0,0.0
Smolders,1.0,0.0
Smudged Cat Games Ltd,2.0,0.0
Snails Animation,1.0,0.0
Snapshot Games Inc.,3.0,1.0
Snowbird Games,2.0,0.0
Snowblind Studios,11.0,2.0
Social Loner Studios,1.0,0.0
SoftStar,1.0,0.0
"Soloweb Studios,Ravens Eye Studio",2.0,0.0
Somi,1.0,0.0
Sonic Team,3.0,1.0
Sos,10.0,3.0
South East Games,7.0,0.0
Southend,1.0,0.0
Soviet Games,13.0,0.0
"Space Cat Studios,SnowFlame,Back To Basics Gaming",6.0,0.0
Spark Unlimited,4.0,1.0
"Sparpweed,Codeglue",4.0,0.0
Spasman Games,11.0,2.0
Spearhead Games,4.0,0.0
Spectral Games,1.0,0.0
Spicy Horse,1.0,0.0
Spicy Tails,2.0,0.0
Spicyhorse Games,2.0,0.0
Spiderling Studios,41.0,14.0
Spidermonk Entertainment,1.0,2.0
Spiders,1.0,1.0
Spiderweb Software,1.0,0.0
Splash Damage,90.0,22.0
Split Polygon,1.0,0.0
Spooky Squid Games Inc.,3.0,1.0
Sproing,2.0,0.0
Squad,93.0,18.0
Square Enix,62.0,6.0
"Square Enix,DotEmu SAS.",2.0,0.0
Stage 2 Studios,2.0,1.0
Stainless Games,15.0,1.0
Stainless Games Ltd,2.0,0.0
Stainless Games Ltd.,9.0,3.0
Stamina-Games,1.0,0.0
"Standing Stone Games, LLC",14.0,1.0
Star Gem Inc.,25.0,4.0
Star Vault AB,2.0,0.0
StarQuail Games,1.0,0.0
Starbreeze,3.0,1.0
Starbreeze Studios AB,28.0,4.0
Stardock Entertainment,10.0,2.0
State of Play Games,1.0,0.0
Stately Snail,1.0,0.0
Steel Monkeys,1.0,1.0
Stegersaurus Software Inc.,11.0,2.0
StephenAllen,1.0,0.0
Stoic,9.0,0.0
Stolen Couch Games,1.0,0.0
Stone Blade Entertainment,1.0,0.0
Storybird,1.0,0.0
Stout Games,4.0,1.0
Straight Right,1.0,1.0
Strange Fire,4.0,0.0
Strange Loop Games,1.0,0.0
Streum On Studio,5.0,5.0
Stridemann,15.0,1.0
Strike Games,1.0,1.0
Studio Bean,1.0,0.0
Studio Fizbin,3.0,0.0
Studio Pixel,3.0,0.0
Studio Whisky Tango Inc.,1.0,0.0
"Studio Wildcard,Instinct Games,Efecto Studios,Virtual Basement LLC",126.0,35.0
StudioGIW,1.0,0.0
Stunlock Studios,1.0,0.0
Stygian Software,1.0,1.0
Subatomic Studios LLC,1.0,0.0
Subset Games,99.0,27.0
Subsoap,6.0,1.0
Subvert Games,1.0,0.0
Sumo Digital,17.0,0.0
Sun-Studios,1.0,0.0
SuperVillain Studios,4.0,3.0
Supergiant Games,91.0,5.0
Suspicious Developments,53.0,5.0
Sweet Dog Studios,1.0,0.0
Swing Swing Submarine,3.0,0.0
Switchblade Monkeys Entertainment,4.0,0.0
Synergy Team,16.0,0.0
TB Games,9.0,2.0
TERC,3.0,0.0
TML Studios,1.0,1.0
TML-Studios,1.0,0.0
"TT Fusion,Traveller's Tales,Feral Interactive (Mac)",4.0,0.0
TT Games,4.0,1.0
"TT Games Ltd,Feral Interactive (Mac)",5.0,1.0
"TT Games,Traveller's Tales",7.0,0.0
TURBOGUN,2.0,0.0
Talawa Games,1.0,0.0
TaleWorlds Entertainment,141.0,25.0
"TaleWorlds Entertainment,Flying Squirrel Entertainment",2.0,2.0
Tango Gameworks,2.0,3.0
Tasharen Entertainment Inc.,3.0,0.0
Tasty Stewdios LLC,1.0,0.0
Tate Multimedia,4.0,0.0
Team 6 Studios,1.0,3.0
"Team Bondi,Rockstar Leeds",13.0,2.0
"Team Chaos, LLC",2.0,0.0
Team Chivalry,6.0,3.0
Team Eleven Eleven,3.0,0.0
Team Fractal Alligator,3.0,2.0
Team Jolly Roger,3.0,1.0
Team Meat,35.0,11.0
"Team NINJA,KOEI TECMO GAMES CO., LTD.",4.0,0.0
Team Psykskallar,25.0,38.0
Team Reptile,14.0,0.0
Team17 Digital Ltd,20.0,4.0
Team17 Software Ltd.,1.0,0.0
Techland,68.0,15.0
Teeworlds Team,1.0,0.0
Telltale Games,331.0,73.0
"Tendershoot,A Jolly Corpse",1.0,0.0
Tennen-sozai,1.0,0.0
"Tequila Works, S.L.",13.0,3.0
Terri Vellmann,1.0,2.0
Terrible Posture Games,2.0,0.0
Terry Cavanagh,89.0,37.0
Test3 Projects,3.0,2.0
Teyon,1.0,0.0
The Astronauts,6.0,0.0
The Behemoth,208.0,34.0
The Binary Mill,1.0,0.0
The Chinese Room,4.0,4.0
The Creative Assembly,10.0,4.0
"The Creative Assembly,Feral Interactive (Mac)",11.0,6.0
"The Creative Assembly,Feral Interactive (Mac),Feral Interactive (Linux)",36.0,10.0
The Farm 51,1.0,3.0
The Game Kitchen,1.0,0.0
The Indie Stone,36.0,7.0
The Men Who Wear Many Hats,9.0,1.0
The Odd Gentlemen,3.0,0.0
"The Quinnspiracy,Patrick Lindsey,Isaac Schankler",7.0,7.0
The Sims Studio,8.0,7.0
The Working Parts,2.0,0.0
Thomas Bowker,10.0,2.0
Thomas Happ Games LLC,1.0,0.0
Threaks,1.0,1.0
Three Rings,3.0,1.0
TickTock Games,3.0,0.0
Tiger Style,1.0,0.0
Tigerish Games,2.0,1.0
Tim Sullivan,1.0,0.0
TimeGate Studios,3.0,0.0
Tin Man Games,2.0,0.0
Tindalos Interactive,2.0,0.0
"Tlön Studios,Ilex Games",2.0,1.0
ToMorning Productions,1.0,0.0
Toge Productions,2.0,0.0
Tomasz Wacławek,2.0,0.0
"Tomi Maarela,Elias Viglione",10.0,5.0
Tomoaki Sugeno,1.0,0.0
Tomorrow Corporation,23.0,2.0
Torn Banner Studios,106.0,45.0
Touz,4.0,0.0
Tragnarion Studios,1.0,0.0
Transcendent Games,4.0,0.0
Transhuman Design,26.0,0.0
Trapdoor Inc.,1.0,0.0
Trashmasters,3.0,2.0
Trav Nash,1.0,0.0
Traveller's Tales,34.0,2.0
"Traveller's Tales,Feral Interactive (Mac)",7.0,1.0
Travian Games GmbH,1.0,0.0
TreeFortress Games,1.0,0.0
"Trek Industries, Inc",72.0,31.0
Trendy Entertainment,58.0,3.0
Trese Brothers,1.0,0.0
Treyarch,184.0,39.0
Triangle Studios,1.0,0.0
Tribe Studios,3.0,2.0
Tribute Games Inc.,2.0,2.0
Trickstar Games,1.0,0.0
Trion Worlds,102.0,16.0
"Trion Worlds, Inc.",27.0,7.0
Tripwire Interactive,286.0,94.0
Triumph Studios,1.0,0.0
"Triumph Studios,Virtual Programming",3.0,2.0
Troika Games,4.0,0.0
Tuomo Laine,1.0,0.0
Turbo Pixel Studios,3.0,0.0
"Turtle Cream,PokPoong Games",2.0,0.0
Turtle Rock Studios,29.0,6.0
Twice Circled,1.0,0.0
Twisted Pixel Games,1.0,0.0
Two Tribes,12.0,0.0
"Ty Taylor and Mario Castañeda,The Quantum Astrophysicists Guild",6.0,0.0
U.S. Army,14.0,1.0
"UBIart Montpellier,Feral Interactive (Mac)",2.0,1.0
Uber Entertainment,29.0,4.0
Ubisoft,62.0,25.0
Ubisoft - San Francisco,12.0,1.0
Ubisoft Montpellier,25.0,5.0
Ubisoft Montreal,112.0,24.0
"Ubisoft Montreal, Massive Entertainment, and Ubisoft Shanghai",72.0,26.0
"Ubisoft Montreal, Red Storm, Shanghai, Toronto, Kiev",17.0,8.0
Ubisoft Montréal,6.0,4.0
"Ubisoft Paris,Red Storm Entertainment",1.0,0.0
"Ubisoft Quebec, in collaboration with Ubisoft Annecy, Bucharest, Kiev, Montreal, Montpellier, Shanghai, Singapore, Sofia, Toronto studios",3.0,0.0
Ubisoft Reflections,1.0,0.0
Ubisoft Romania,1.0,0.0
Ubisoft Sofia,1.0,0.0
"Ubisoft Sofia,Ubisoft Kiev",5.0,0.0
Ubisoft Toronto,15.0,3.0
Ultra Runaway Games,1.0,0.0
Ultravision Interactive,1.0,0.0
Undead Labs,54.0,17.0
Unfinished Pixel,2.0,0.0
Unicorn Games Studio,1.0,0.0
Unigine LLC.,1.0,0.0
United Front Games,41.0,7.0
"United Front Games,Feral Interactive (Mac)",5.0,1.0
United Independent Entertainment GmbH,5.0,3.0
"United Independent Entertainment GmbH,Actalogic",1.0,0.0
Unknown Worlds Entertainment,24.0,7.0
Unwonted Studios,1.0,0.0
"Upper One Games,E-Line Media",1.0,1.0
Urban Games,2.0,0.0
VIS - Visual Imagination Software,1.0,2.0
VStep,1.0,2.0
Vae Victis Games,3.0,0.0
Vagabond Dog,4.0,2.0
Valve,5379.0,901.0
Vanguard Games,1.0,0.0
"Vanguard Games,343 Industries",17.0,0.0
"Vblank Entertainment, Inc.",5.0,2.0
"Vectorpark, Inc.",1.0,0.0
Vertigo Gaming Inc.,6.0,2.0
Very Simple Idea Studios,1.0,0.0
"Vicious Cycle Software, Inc.",1.0,1.0
Vigil Games,7.0,1.0
"Ville Mönkkönen,Anne Mönkkönen",1.0,0.0
Vine,3.0,0.0
"Virgin Interactive Entertainment,PriitK",1.0,0.0
"Virtual Basement LLC,Code Headquarters LLC",4.0,1.0
Visceral Games,1.0,0.0
Visual Concepts,1.0,3.0
VisualArts/Key,3.0,2.0
Vitali Kirpu,15.0,8.0
Vivid Games S.A.,1.0,0.0
Vlambeer,47.0,14.0
"Vlambeer,Croteam",1.0,0.0
Volition,121.0,23.0
"Volition, Inc.",2.0,1.0
"Volition,Reactor Zero,THQ Nordic",8.0,5.0
Vortal Storm,3.0,4.0
Vostok Games,9.0,4.0
Voxler Games,1.0,0.0
WARTEAM,14.0,7.0
"WB Games Montreal,Splash Damage",40.0,8.0
WRF Studios,1.0,0.0
Walter Machado,2.0,0.0
WayForward,6.0,0.0
"WayForward,Abstraction Games",4.0,0.0
WhiteMoon Dreams,1.0,0.0
Wild Games Studio,5.0,2.0
Wild Shadow Studios,101.0,45.0
WildTangent,1.0,0.0
Wildgrass,1.0,0.0
Windybeard,1.0,0.0
Winter Wolves,4.0,0.0
"Wisdom Tree, Inc.",1.0,0.0
Witch Beam,3.0,0.0
With The Love Studios,1.0,0.0
Wizarbox,3.0,0.0
Wolfire Games,30.0,8.0
Wyrmbyte,2.0,2.0
X-Legend,18.0,1.0
"X1 Software,AWAR",1.0,0.0
XGen Studios,1.0,0.0
XLGAMES,10.0,0.0
XYLA Entertainment,2.0,1.0
"Xavi Canal, Ben Palgi",2.0,0.0
Xaviant,6.0,2.0
Xtal Sword,5.0,1.0
YFC games,2.0,0.0
Yacht Club Games,13.0,1.0
Yager Development,54.0,15.0
Yakiniku Banzai,1.0,0.0
Yeti Trunk,1.0,0.0
Young Horses,20.0,3.0
Z4G0 and Ivan Venturi Productions,1.0,0.0
Zachtronics,11.0,1.0
ZackBellGames,1.0,0.0
Zandel Media,1.0,0.0
Zanrai Interactive,1.0,0.0
Zaratustra Productions,2.0,0.0
"Zaxis Games,B-evil",1.0,1.0
Zeboyd Games,4.0,1.0
Zeiva Inc,5.0,0.0
Zen Studios,2.0,0.0
Zenimax Online Studios,21.0,3.0
Zero Point Software,23.0,1.0
Zero Sum Games,2.0,3.0
Zeroscale,1.0,0.0
Zombie Panic Team,17.0,2.0
Zombie Studios,1.0,3.0
Zootfly,2.0,0.0
Zoë Mode,1.0,0.0
"Zykov Eddy,Xitilon",1.0,0.0
b-alive gmbh,1.0,0.0
doublesix,1.0,0.0
electrolyte,1.0,0.0
exosyphen studios,2.0,0.0
"gord10,Aslan Game Studio",2.0,0.0
id Software,52.0,14.0
inXile Entertainment,7.0,0.0
increpare games,1.0,1.0
inner seas,2.0,0.0
isTom Games Kft.,2.0,0.0
kunst-stoff GmbH,1.0,0.0
marbenx,10.0,2.0
minori,2.0,1.0
ninjalex,2.0,0.0
oddonegames,1.0,0.0
rdt.32,4.0,0.0
sparsevector,8.0,5.0
stage-nana,9.0,3.0
storm_sharks,1.0,0.0
the whale husband,8.0,3.0
tobyfox,85.0,23.0
vidiludi games and entertainment,1.0,0.0
webgames,1.0,0.0
"高考恋爱委员会,橘子班",1.0,0.0
07th Expansion,0.0,1.0
"10th Art Studio,Adventure Productions",0.0,1.0
"2K Australia,Gearbox Software,Aspyr (Mac,Linux)",0.0,3.0
3000AD,0.0,1.0
8-Bit Studio,0.0,1.0
Abstraction Games,0.0,1.0
"Amaranth Games, LLC",0.0,1.0
Angry Mob Games,0.0,1.0
Avalanche Software,0.0,2.0
BS1 &amp; BSL Team,0.0,1.0
Bedlam Games,0.0,1.0
BetaDwarf,0.0,2.0
"Bitl,Cobalt-57",0.0,1.0
Black Lion Studios,0.0,1.0
Blackfire Games,0.0,1.0
BlueEagle Productions,0.0,2.0
Bongfish GmbH,0.0,1.0
Brain Bombers,0.0,1.0
Centauri Production,0.0,1.0
Chaosoft Games,0.0,1.0
Colonthree Enterprises,0.0,1.0
ComiPo! LLP,0.0,1.0
Crankshaft Games,0.0,1.0
"Creative Assembly, PC Port - Hardlight",0.0,2.0
Crian Soft,0.0,1.0
Dark Amber Softworks,0.0,1.0
Dead Mage,0.0,1.0
Digital Leisure Inc.,0.0,1.0
Droqen,0.0,1.0
EA Black Box,0.0,1.0
Eggtooth Team,0.0,1.0
Eidos Interactive,0.0,1.0
Entheogen Studios LLC,0.0,1.0
Eric Provan - Ayyo Games,0.0,1.0
Exor Studios,0.0,1.0
"Fabio Ferrara,Giulia Airoldi",0.0,1.0
Fishlabs Entertainment GmbH,0.0,1.0
"Fortress Forever Development Team,Trepid Studios",0.0,2.0
FourbitFriday,0.0,1.0
Fractal Phase,0.0,1.0
Freegamer,0.0,1.0
Fugazo,0.0,1.0
GameCrafterTeam,0.0,1.0
Genee Network,0.0,1.0
GlyphX Games,0.0,1.0
HandMade Game,0.0,1.0
Headup Games / Crenetic,0.0,2.0
"Holy Warp,Black Wing Foundation",0.0,1.0
Hypercane Studios,0.0,1.0
IF Studios,0.0,1.0
IMGN.PRO,0.0,1.0
JAVELIN OÜ,0.0,1.0
Jarhead Games,0.0,1.0
JoWooD Vienna,0.0,1.0
KITATUS STUDIOS,0.0,2.0
Kittehface Software,0.0,1.0
Lemondo Entertainment,0.0,1.0
Lesta Studio,0.0,2.0
Lightmare Studio,0.0,1.0
MAGES. Inc.,0.0,1.0
"Matt Kap,Nicalis, Inc.",0.0,1.0
MoaCube,0.0,1.0
Moment Studio,0.0,1.0
Monolith,0.0,1.0
Monolith Productions,0.0,1.0
Mystic Games,0.0,1.0
NAMCO BANDAI Games,0.0,2.0
Nacho Games,0.0,1.0
Nerdook Productions,0.0,1.0
NetherRealm Studios,0.0,1.0
Niffler Ltd.,0.0,1.0
"Noviy Disk,Lesta Studios Inc",0.0,1.0
Orbital Knight,0.0,1.0
Orion Games,0.0,1.0
Owl Cave,0.0,1.0
PIXOWL INC.,0.0,1.0
PillowPigGames,0.0,1.0
Playbrains,0.0,1.0
PolyPusher Studios,0.0,1.0
"PopTop Software,BreakAway Games,Frog City Software",0.0,1.0
ProjectorGames,0.0,2.0
Rain Games,0.0,1.0
Raylight Games,0.0,1.0
Retronic Games,0.0,1.0
"Rodeo Games,Twistplay",0.0,1.0
Rsupport Inc.,0.0,1.0
Scary Bee LLC,0.0,1.0
Scirra,0.0,1.0
Screwfly Studios,0.0,1.0
Shadow Planet Productions,0.0,1.0
Shark Punch,0.0,1.0
ShaunJS,0.0,1.0
Shawn Beck,0.0,1.0
Silesia Games Sp. z o.o.,0.0,1.0
Silk Games,0.0,1.0
Silver Wish Games,0.0,1.0
"Silverlode Interactive,Wasatch Games",0.0,1.0
"SkyBox Labs,Forgotten Empires",0.0,1.0
Small Town Studios,0.0,1.0
Smashball Labs LLC,0.0,1.0
Soccer Manager Ltd,0.0,1.0
Sometimes You,0.0,1.0
Space Boat Studios,0.0,1.0
Space Budgie,0.0,1.0
Still Running,0.0,1.0
Strategy First,0.0,1.0
Studio Eres,0.0,1.0
Sunlight Games,0.0,1.0
T3 Entertainment,0.0,1.0
Tale of Tales,0.0,1.0
Tall Tail Studios,0.0,1.0
Team6 game studios B.V.,0.0,1.0
Technetium Games,0.0,1.0
Teotl Studios,0.0,2.0
TimeSymmetry,0.0,2.0
Totally Games,0.0,1.0
Trinoteam,0.0,1.0
Turbo Tape Games,0.0,1.0
Underdog Games,0.0,1.0
Vertigo Games,0.0,1.0
WZOGI,0.0,1.0
Wales Interactive,0.0,1.0
Wanako Games,0.0,1.0
"World-Loom,Nitreal",0.0,1.0
YeaBoing,0.0,1.0
Zbigniew Ochman,0.0,1.0
b-Alive,0.0,1.0
bitHuffel,0.0,1.0
momoStorm Entertainment,0.0,1.0
nFusion Interactive,0.0,1.0
souvenir circ.,0.0,1.0
tinyBuild,0.0,1.0
